"paper number","title","authors","reference","html link","url","url_source","match_score","matched_title"
"20","Glassy behaviour in simple kinetically constrained models: topological networks, lattice analogues and annihilation-diffusion","D. Sherrington, L. Davison, A. Buhot and J.P. Garrahan","J. Phys. Condens. Matter 14, 1673 (2002)","papers/1","https://doi.org/10.1088/0953-8984/14/7/323","crossref","1.00","Glassy behaviour in simple kinetically constrained models: topological networks, lattice analogues and annihilation-diffusion"
"21","Crossover from Fragile to Strong Glassy Behaviour in the Spin Facilitated Chain Model","A. Buhot and J.P. Garrahan","J. Phys. Condens. Matter 14, 1499 (2002)","papers/2","https://doi.org/10.1088/0953-8984/14/7/308","crossref","1.00","Crossover from fragile to strong glassy behaviour in the spin facilitated chain model"
"110","Spatial Complementarity and the Coexistence of Species","J. Velázquez, J.P. Garrahan and M.P. Eichhorn","PloS ONE 9, 114979 (2014)","papers/3","https://doi.org/10.1371/journal.pone.0114979","crossref","1.00","Spatial Complementarity and the Coexistence of Species"
"1","A systematic treatment of triaxial systems at high spins. II","J.P. Garrahan and D.R. Bes","Nucl. Phys. A573 (1994) 448","papers/4","https://doi.org/10.1016/0375-9474(94)90352-2","crossref","1.00","A systematic treatment of triaxial systems at high spins. II"
"103","Common physical framework explains phase behavior and dynamics of atomic, molecular and polymeric network-formers","S. Whitelam, I. Tamblyn, T.K. Haxton, M.B. Wieland, N.R. Champness, J.P. Garrahan and P.H. Beton","Phys. Rev. X 4, 011044 (2014)","papers/3patch-PRX_4_011044_2014.pdf","https://doi.org/10.1103/physrevx.4.011044","crossref","1.00","Common Physical Framework Explains Phase Behavior and Dynamics of Atomic, Molecular, and Polymeric Network Formers"
"74","Comparison of implicit solvent models and force fields in molecular dynamics simulations of the PB1 domain","M. Pu, J.P. Garrahan and J.D. Hirst","Chem. Phys. Lett. 515, 283 (2011)","papers/CPL515_283-2011.pdf","https://doi.org/10.1016/j.cplett.2011.09.026","crossref","1.00","Comparison of implicit solvent models and force fields in molecular dynamics simulations of the PB1 domain"
"96","Trajectory phase transitions and dynamical Lee-Yang zeros of the Glauber-Ising chain","J.M. Hickey, C. Flindt and J.P. Garrahan","Phys. Rev. E 88, 012119 (2013)","papers/GlauberIsing-PRE_88_012119_2013.pdf","https://doi.org/10.1103/physreve.88.012119","crossref","1.00","Trajectory phase transitions and dynamical Lee-Yang zeros of the Glauber-Ising chain"
"94","Perspective: The Glass Transition","G. Biroli and J.P. Garrahan","J. Chem. Phys. 138, 12A301 (2013). Article featured in: JCP Spotlight (audio of interview by AIP here)","papers/JCPperspective-138_%2012A301_2013.pdf","https://doi.org/10.1063/1.4795539","crossref","1.00","Perspective: The glass transition"
"78","Dynamic heterogeneity comes to life","J.P. Garrahan","Proc. Natl. Acad. Sci. USA 108, 4701 (2011) (Commentary)","papers/PNAS-2011-Garrahan-4701-2.pdf","https://doi.org/10.1073/pnas.1101436108","crossref","1.00","Dynamic heterogeneity comes to life"
"68","Dynamics on the Way to Forming Glass: Bubbles in Space-time","D. Chandler and J.P. Garrahan","Annu. Rev. Phys. Chem. 61, 191 (2010)","papers/Review-AnnRevPhysChem_61_191_2010.pdf","https://doi.org/10.1146/annurev.physchem.040808.090405","crossref","1.00","Dynamics on the Way to Forming Glass: Bubbles in Space-Time"
"32","Excitation lines and the breakdown of Stokes-Einstein relations in supercooled liquids","Y. Jung, J.P. Garrahan and D. Chandler","Phys. Rev. E 69, 061205 (2004)","papers/SE_pre_69_61205_2004.pdf","https://doi.org/10.1103/physreve.69.061205","crossref","1.00","Excitation lines and the breakdown of Stokes-Einstein relations in supercooled liquids"
"19","Crossover from Fragile to Strong Glassy Behaviour in Kinetically Constrained Systems","A. Buhot and J.P. Garrahan","Phys. Rev. E 64, 21505 (2001)","papers/abcic_pre_64_21505_2001.pdf","https://doi.org/10.1103/physreve.64.021505","crossref","0.99","Crossover from fragile to strong glassy behavior in kinetically constrained systems"
"42","Space-time Thermodynamics of the Glass Transition","M. Merolle, J.P. Garrahan and D. Chandler","Proc. Natl. Acad. Sci. USA 102, 10837 (2005). Article featured in: This week in PNAS","papers/action_PNAS_102_10837_2005.pdf","https://doi.org/10.1073/pnas.0504820102","crossref","1.00","Space–time thermodynamics of the glass transition"
"33","Geometrical picture of dynamical facilitation","S. Whitelam and J.P. Garrahan","J. Phys. Chem. B 108, 6611 (2004)","papers/andersen_JCPB_108_6611_2004.pdf","https://doi.org/10.1021/jp037653x","crossref","1.00","Geometrical Picture of Dynamical Facilitation"
"105","Localisation in space and time in disordered-lattice open quantum dynamics","S. Genway, I. Lesanovsky and J.P. Garrahan","Phys. Rev. E 89, 042129 (2014)","papers/anderson-PRE_89_042129_2014.pdf","https://doi.org/10.1103/physreve.89.042129","crossref","0.99","Localization in space and time in disordered-lattice open quantum dynamics"
"26","Coarse-grained microscopic model of glass formers","J.P. Garrahan and D. Chandler","Proc. Natl. Acad. Sci. USA 100, 9710 (2003)","papers/arrows_pnas_100_9710_2003.pdf","https://doi.org/10.1073/pnas.1233719100","crossref","1.00","Coarse-grained microscopic model of glass formers"
"22","Glassiness through the emergence of effective dynamical constraints in interacting systems","J.P. Garrahan","J. Phys. Condens. Matter 14, 1571 (2002)","papers/barca_jpcondmat_14_1571_2002.pdf","https://doi.org/10.1088/0953-8984/14/7/314","crossref","1.00","Glassiness through the emergence of effective dynamical constraints in interacting systems"
"38","Glassy behaviour in an exactly solved spin system with a ferromagnetic transition","R.L. Jack, J.P. Garrahan and D. Sherrington","Phys. Rev. E 71, 036112 (2005)","papers/baxter_pre_71_036112_2005.pdf","https://doi.org/10.1103/physreve.71.036112","crossref","0.99","Glassy behavior in an exactly solved spin system with a ferromagnetic transition"
"43","Thermodynamics of Coarse Grained Models of Super-Cooled Liquids","D. Chandler and J.P. Garrahan","J. Chem. Phys. 123, 044511 (2005)","papers/bbt_JCP_123_044511_2005.pdf","https://doi.org/10.1063/1.1955528","crossref","0.99","Thermodynamics of coarse-grained models of supercooled liquids"
"102","Dynamical phase transitions, time-integrated observables and geometry of states","J.M. Hickey, S. Genway and J.P. Garrahan","Phys. Rev. B 89, 054301 (2014)","papers/berry-PRB_89_054301.pdf","https://doi.org/10.1103/physrevb.89.054301","crossref","1.00","Dynamical phase transitions, time-integrated observables, and geometry of states"
"6","Instantons and the QCD Vacuum Wavefunctional","W. Brown, J.P. Garrahan, I.I. Kogan and A. Kovner","Phys. Rev. D 59, 034015 (1999)","papers/brogakoko_prd_59_34015_1999.pdf","https://doi.org/10.1103/physrevd.59.034015","crossref","0.99","Instantons and the QCD vacuum wave functional"
"47","Caging and mosaic lengthscales in plaquette spin models of glasses","R.L. Jack and J.P. Garrahan","J. Chem. Phys. 123, 164508 (2005)","papers/caging_JCP_123_164508_2005.pdf","https://doi.org/10.1063/1.2075067","crossref","0.99","Caging and mosaic length scales in plaquette spin models of glasses"
"51","Lengthscale dependence of dynamic four-point susceptibilities in glass formers","D. Chandler, J.P. Garrahan, R.L. Jack, L. Maibaum and A.C. Pan","Phys. Rev. E 74, 051501 (2006)","papers/chi4_PRE_74_051501_2006.pdf","https://doi.org/10.1103/physreve.74.051501","crossref","1.00","Lengthscale dependence of dynamic four-point susceptibilities in glass formers"
"14","Continuous time dynamics of the Thermal Minority Game","J.P. Garrahan, E. Moro, D. Sherrington","Phys. Rev. E 62, R9 (2000)","papers/comino_pre_62_r9_2000.pdf","https://doi.org/10.1103/physreve.62.r9","crossref","1.00","Continuous time dynamics of the thermal minority game"
"64","Corresponding States of Structural Glass Formers","Y.S. Elmatad, D. Chandler, J.P. Garrahan","J. Phys. Chem. B. 113, 5563 (2009). JPCB Cover article","papers/corresponding-states_JPCB_113_5563_2009.pdf","https://doi.org/10.1021/jp810362g","crossref","1.00","Corresponding States of Structural Glass Formers"
"41","Decoupling of self-diffusion and structural relaxation during a fragile-to-strong crossover in a kinetically constrained lattice gas","A.C. Pan, J.P. Garrahan, D. Chandler","ChemPhysChem 6, 1783 (2005)","papers/decoupling_ChemPhysChem_6_1783_2005.pdf","https://doi.org/10.1002/cphc.200400610","crossref","1.00","Decoupling of Self‐Diffusion and Structural Relaxation during a Fragile‐to‐Strong Crossover in a Kinetically Constrained Lattice Gas"
"95","Time-integrated observables as order parameters for dynamical phase transitions in closed quantum systems","J.M. Hickey, S. Genway, I. Lesanovsky and J.P. Garrahan","Phys. Rev. B 87, 184303 (2013)","papers/dome-PRB_87_184303_2013.pdf","https://arxiv.org/abs/1211.4773","arxiv","1.00","Time-integrated observables as order parameters for dynamical phase transitions in closed quantum systems"
"93","Characterization of dynamical phase transitions in quantum jump trajectories beyond the properties of the stationary state","I. Lesanovsky, M. van Horssen, M. Guta and J.P. Garrahan","Phys. Rev. Lett. 110, 150401 (2013)","papers/dynphases-PRL_150401_2013.pdf","https://doi.org/10.1103/physrevlett.110.150401","crossref","1.00","Characterization of Dynamical Phase Transitions in Quantum Jump Trajectories Beyond the Properties of the Stationary State"
"46","Dynamical Exchanges in Facilitated Models of Supercooled liquids","Y. Jung, J.P. Garrahan, D. Chandler","J. Chem. Phys. 123, 084509 (2005)","papers/exchange-JCP_123_084509_2005.pdf","https://doi.org/10.1063/1.2001629","crossref","1.00","Dynamical exchanges in facilitated models of supercooled liquids"
"48","Fast Simulation of Facilitated Spin Models","D.J. Ashton, L.O. Hedges and J.P. Garrahan","J. Stat. Mech. P12010 (2005)","papers/fast_jstat_p12010_2005.pdf","https://doi.org/10.1088/1742-5468/2005/12/p12010","crossref","1.00","Fast simulation of facilitated spin models"
"23","Fluctuation-dissipation relations in the activated regime of simple strong-glass models","A. Buhot and J.P. Garrahan","Phys. Rev. Lett. 88, 225702 (2002)","papers/fdt_prl_88_225702_2002.pdf","https://doi.org/10.1103/physrevlett.88.225702","crossref","1.00","Fluctuation-Dissipation Relations in the Activated Regime of Simple Strong-Glass Models"
"12","Gauge Invariant Variational Approach with Fermions: the Schwinger Model","W. Brown, J.P. Garrahan, I.I. Kogan and A. Kovner","Phys. Rev. D 62, 16004 (2000)","papers/fermions_prd_62_16004_2000.pdf","https://doi.org/10.1103/physrevd.62.016004","crossref","1.00","Gauge invariant variational approach with fermions: The Schwinger model"
"73","Corresponding States of Structural Glass Formers. II","Y.S. Elmatad, D. Chandler and J.P. Garrahan","J. Phys. Chem. B 114, 17113 (2010)","papers/fits-jp1076438.pdf","https://doi.org/10.1021/jp1076438","crossref","1.00","Corresponding States of Structural Glass Formers. II"
"34","Heterogeneous Dynamics of Coarsening Systems","P. Mayer, H. Bissig, L. Berthier, L. Cipelletti, J.P. Garrahan, P. Sollich, V. Trappe","Phys. Rev. Lett. 93, 115701 (2004)","papers/foam_prl_93_11570_2004.pdf","https://doi.org/10.1103/physrevlett.93.115701","crossref","1.00","Heterogeneous Dynamics of Coarsening Systems"
"84","Thermalisation of a closed quantum system: From many-body dynamics to a Fokker-Planck equation","C. Ates, J. P. Garrahan, I. Lesanovsky","Phys. Rev. Lett. 108, 110603 (2012)","papers/fokker-PRL_108_110603_2012.pdf","","","0.81","Thermalization of a Strongly Interacting Closed Spin System: From Coherent Many-Body Dynamics to a Fokker-Planck Equation"
"66","Molecular random tilings as glasses","J.P. Garrahan, A. Stannard, M.O. Blunt and P.H. Beton","Proc. Natl. Acad. Sci. USA 106, 15209 (2009)","papers/glass-tiles_PNAS_106_15209_2009.pdf","https://doi.org/10.1073/pnas.0902443106","crossref","1.00","Molecular random tilings as glasses"
"61","The Limited Role of Nonnative Contacts in the Folding Pathways of a Lattice Protein","B. Gin, J.P. Garrahan and P.L. Geissler","J. Mol. Biol. 392, 1303 (2009)","papers/gonongo_JMB_392_1303_2009.pdf","https://doi.org/10.1016/j.jmb.2009.06.058","crossref","1.00","The Limited Role of Nonnative Contacts in the Folding Pathways of a Lattice Protein"
"5","Collective Dynamics of Solitons and Inequivalent Quantizations","J.P. Garrahan and M. Kruczenski","J. Math. Phys. 40, 6178 (1999)","papers/gsh_jmp_40_6178_1999.pdf","https://doi.org/10.1063/1.533085","crossref","1.00","Collective dynamics of solitons and inequivalent quantizations"
"92","Calorimetric glass transition explained by hierarchical dynamic facilitation","A.S. Keys, J.P. Garrahan and D. Chandler","Proc. Natl. Acad. Sci. USA 110, 4482 (2013)","papers/heatcapacity-PNAS_110_4482_2013.pdf","https://doi.org/10.1073/pnas.1302665110","crossref","1.00","Calorimetric glass transition explained by hierarchical dynamic facilitation"
"24","Geometrical explanation and scaling of dynamical heterogeneities in glass forming systems","J.P. Garrahan and D. Chandler","Phys. Rev. Lett. 89, 035704 (2002)","papers/heter_prl_89_035704_2002.pdf","https://doi.org/10.1103/physrevlett.89.035704","crossref","1.00","Geometrical Explanation and Scaling of Dynamical Heterogeneities in Glass Forming Systems"
"27","Fluctuation-dissipation relations in the non-equilibrium critical dynamics of Ising models","P. Mayer, L. Berthier, J.P. Garrahan and P. Sollich","Phys. Rev. E 68, 016116 (2003)","papers/ising_pre_68_016116_2003.pdf","https://doi.org/10.1103/physreve.68.016116","crossref","0.99","Fluctuation-dissipation relations in the nonequilibrium critical dynamics of Ising models"
"31","Reply to Comment on ""Fluctuation-dissipation relations in the non-equilibrium critical dynamics of Ising models""","P. Mayer, L. Berthier, J.P. Garrahan and P. Sollich","Phys. Rev. E 70, 018102 (2004)","papers/ising_reply_pre_70_18102_2004.pdf","https://doi.org/10.1103/physreve.70.018102","crossref","1.00","Reply to “Comment on ‘Fluctuation-dissipation relations in the nonequilibrium critical dynamics of Ising models’ ”"
"45","Dynamic Heterogeneity in the Glauber-Ising chain","P. Mayer, P. Sollich, L. Berthier and J.P. Garrahan","J. Stat. Mech. P05002 (2005)","papers/isingheter_jstat_p05002_2005.pdf","https://doi.org/10.1088/1742-5468/2005/05/p05002","crossref","1.00","Dynamic heterogeneity in the Glauber–Ising chain"
"55","Non-equilibrium dynamics of spin facilitated glass models","S. Leonard, P. Mayer, P. Sollich, L. Berthier, J.P. Garrahan","J. Stat. Mech. P07017, (2007)","papers/jstat7_07_p07017.pdf","https://doi.org/10.1088/1742-5468/2007/07/p07017","crossref","1.00","Non-equilibrium dynamics of spin facilitated glass models"
"79","Excitations are localized and relaxation is hierarchical in glass-forming liquids","A.S. Keys, L.O. Hedges, J.P. Garrahan, S.C. Glotzer and D. Chandler","Phys. Rev. X 1, 021013 (2011)","papers/khgcc-PRX_1_021013_2011.pdf","https://doi.org/10.1103/physrevx.1.021013","crossref","1.00","Excitations Are Localized and Relaxation Is Hierarchical in Glass-Forming Liquids"
"4","Lagrangian Becchi-Rouet-Stora-Tyutin treatment of collective coordinates","J.P. Garrahan, M. Kruczenski, and D.R. Bes","Phys. Rev. D 53 (1996) 7176","papers/lag_prd_53_7176_1996.pdf","https://doi.org/10.1103/physrevd.53.7176","crossref","1.00","Lagrangian Becchi-Rouet-Stora-Tyutin treatment of collective coordinates"
"18","Glassy behaviour in a 3-state spin model","L. Davison, D. Sherrington, J.P. Garrahan and A. Buhot","J. Phys. A 34, 5147 (2001)","papers/lexie_jpa_34_5147_2001.pdf","https://arxiv.org/abs/cond-mat/0101100","arxiv","1.00","Glassy behaviour in a 3-state spin model"
"36","Renormalization group study of a kinetically constrained model for strong glasses","S. Whitelam, L. Berthier and J.P. Garrahan","Phys. Rev. E 71, 026128 (2005)","papers/longuni_pre_71_026128_2005.pdf","https://doi.org/10.1103/physreve.71.026128","crossref","1.00","Renormalization group study of a kinetically constrained model for strong glasses"
"11","Index Distribution of Random Matrices with an Application to Disordered Systems","A. Cavagna, J.P. Garrahan and I. Giardina","Phys. Rev. B 61, 3960 (2000)","papers/matro_prb_61_3960_2000.pdf","https://doi.org/10.1103/physrevb.61.3960","crossref","1.00","Index distribution of random matrices with an application to disordered systems"
"80","Preparation and relaxation of very stable glassy states of a simulated liquid","R.L. Jack, L.O. Hedges, J.P. Garrahan and D. Chandler","Phys. Rev. Lett. 107, 275702 (2011)","papers/melt-PRL_107_275702_2011.pdf","https://doi.org/10.1103/physrevlett.107.275702","crossref","1.00","Preparation and Relaxation of Very Stable Glassy States of a Simulated Liquid"
"25","Simple strong glass forming models: mean-field solution with activation","A. Buhot, J.P. Garrahan and D. Sherrington","J. Phys. A 36, 307 (2003)","papers/mf_jpa_36_307_2003.pdf","https://doi.org/10.1088/0305-4470/36/2/302","crossref","1.00","Simple strong glass forming models: mean-field solution with activation"
"77","Quantum trajectory phase transitions in the micromaser","J.P. Garrahan, A.D. Armour and I. Lesanovsky","Phys. Rev. E 84, 021115 (2011)","papers/micromaser_PRE_84_021115_2011.pdf","https://doi.org/10.1103/physreve.84.021115","crossref","1.00","Quantum trajectory phase transitions in the micromaser"
"10","Thermal model for adaptive competition in a market","A. Cavagna, J.P. Garrahan, I. Giardina and D. Sherrington","Phys. Rev. Lett. 83, 4429 (1999)","papers/mino_prl_83_4429_1999.pdf","https://doi.org/10.1103/physrevlett.83.4429","crossref","1.00","Thermal Model for Adaptive Competition in a Market"
"83","Broken symmetry and the variation of critical properties in the phase behaviour of molecular rhombus tilings","A. Stannard, J.C. Russell, M.O. Blunt, C. Salesiotis, M. Giménez-López, N. Taleb, M. Schroder, N.R. Champness, J.P. Garrahan and P.H. Beton","Nature Chemistry 4,112 (2012). Article featured in: Nature Materials","papers/nchem_4_112_2012.pdf","https://doi.org/10.1038/nchem.1199","crossref","0.98","Broken symmetry and the variation of critical properties in the phase behaviour of supramolecular rhombus tilings"
"39","Numerical study of a fragile three-dimensional kinetically constrained model","L. Berthier and J.P. Garrahan","J. Phys. Chem. B 109, 3578 (2005)","papers/nef_jpcb_109_3578_2005.pdf","https://doi.org/10.1021/jp045491e","crossref","1.00","Numerical Study of a Fragile Three-Dimensional Kinetically Constrained Model"
"8","Energy distribution of maxima and minima in a one-dimensional random system","A. Cavagna, J.P. Garrahan and I. Giardina","Phys. Rev. E 59, 2808 (1999)","papers/nomo_pre_59_2808_1999.pdf","https://doi.org/10.1103/physreve.59.2808","crossref","1.00","Energy distribution of maxima and minima in a one-dimensional random system"
"57","Dynamic facilitation explains democratic particle motion of metabasin transitions","L.O. Hedges and J.P. Garrahan","J. Phys. A41, 3244006 (2008)","papers/nondemocratic-JPA_41_324006_2008.pdf","https://doi.org/10.1088/1751-8113/41/32/324006","crossref","1.00","Dynamic facilitation explains ‘democratic’ particle motion of metabasin transitions"
"49","Activated aging dynamics and negative fluctuation-dissipation ratios","P. Mayer, S. Leonard, L. Berthier, J.P. Garrahan and P. Sollich","Phys. Rev. Lett. 96, 030602 (2006)","papers/nveX_PRL_96_030602_2006.pdf","https://doi.org/10.1103/physrevlett.96.030602","crossref","1.00","Activated Aging Dynamics and Negative Fluctuation-Dissipation Ratios"
"3","Becchi-Rouet-Stora-Tyutin quantization of a soliton model in 2+1 dimensions","J.P. Garrahan, M. Kruczenski, C.L. Schat, D.R. Bes and N.N. Scoccola","Phys. Rev. D 51 (1995) 2950","papers/o3_prd_51_2950_1995.pdf","https://doi.org/10.1103/physrevd.51.2950","crossref","1.00","Becchi-Rouet-Stora-Tyutin quantization of a soliton model in 2+1 dimensions"
"85","Dynamical phases and intermittency of the dissipative quantum Ising model","C. Ates, B. Olmos, J.P. Garrahan and I. Lesanovsky","Phys. Rev. A 85, 043620 (2012)","papers/oising-PRA_85_043620.pdf","https://doi.org/10.1103/physreva.85.043620","crossref","1.00","Dynamical phases and intermittency of the dissipative quantum Ising model"
"65","Dynamic order-disorder in atomistic models of structural glass formers","L.O. Hedges, R.L. Jack, J.P. Garrahan and D. Chandler","Science 323, 1309 (2009). (Supporting online material here.) Article featured in: Science Express","papers/order-disorder_Science_323_1309_2009.pdf","https://doi.org/10.1126/science.1166665","crossref","1.00","Dynamic Order-Disorder in Atomistic Models of Structural Glass Formers"
"101","Transition in coupled replicas may not imply a finite temperature ideal glass transition in glass forming systems","J.P. Garrahan","Phys. Rev. E 89, 030301(R) (2014). (Editors’ Suggestion)","papers/overlap-PRE_89_030301_2014.pdf","https://doi.org/10.1103/physreve.89.030301","crossref","1.00","Transition in coupled replicas may not imply a finite-temperature ideal glass transition in glass-forming systems"
"17","Statistical physics of induced correlation in a simple market","D. Sherrington, E. Moro and J.P. Garrahan","Physica A311, 527 (2002)","papers/physicaa_311_527_2002.pdf","https://doi.org/10.1016/s0378-4371(02)00835-x","crossref","1.00","Statistical physics of induced correlation in a simple market"
"52","Fluctuation-dissipation relations in plaquette spin systems with multi-stage relaxation","R.L. Jack, L. Berthier and J.P. Garrahan","J. Stat. Mech. P12005 (2006)","papers/pq-fdt_JStat_P12005_2006.pdf","https://doi.org/10.1088/1742-5468/2006/12/p12005","crossref","1.00","Fluctuation-dissipation relations in plaquette spin systems with multi-stage relaxation"
"44","Static and dynamic lengthscales in a simple glassy plaquette model","R.L. Jack, L. Berthier and J.P. Garrahan","Phys. Rev. E 72, 016103 (2005)","papers/pq_PRE_72_016103_2005.pdf","https://doi.org/10.1103/physreve.72.016103","crossref","0.99","Static and dynamic length scales in a simple glassy plaquette model"
"58","Negative differential mobility of weakly driven particles in models of glass formers","R.L. Jack, D. Kelsey, J.P. Garrahan, D. Chandler","Phys. Rev. E 78, 011506 (2008)","papers/probe_PhysRevE_78_011506_2008.pdf","https://doi.org/10.1103/physreve.78.011506","crossref","1.00","Negative differential mobility of weakly driven particles in models of glass formers"
"53","Dynamic propensity in a kinetically constrained lattice gas","L.O. Hedges and J.P. Garrahan","J. Phys. Condens. Matter 19, 205124 (2007)","papers/propensity-jpcm_19_205124_2007.pdf","https://doi.org/10.1088/0953-8984/19/20/205124","crossref","1.00","Dynamic propensity in a kinetically constrained lattice gas"
"7","Quenched complexity of the mean-field p-spin spherical model with external magnetic field","A. Cavagna, J.P. Garrahan and I. Giardina","J. Phys. A32, 711 (1999)","papers/pspin_jpa_32_711_1999.pdf","https://doi.org/10.1088/0305-4470/32/5/004","crossref","0.96","Quenched complexity of the mean-field<b><i>p</i></b>-spin spherical model with external magnetic field"
"69","Thermodynamics of Quantum Jump Trajectories","J.P. Garrahan and I. Lesanovsky","Phys. Rev. Lett. 104, 160601 (2010). Accompanying APS Physics Viewpoint: Quantum trajectories face a transition, D. Andrieux","papers/qjumps-PRL_104_160601_2010.pdf","https://doi.org/10.1103/physrevlett.104.160601","crossref","1.00","Thermodynamics of Quantum Jump Trajectories"
"88","Facilitated spin models of dissipative quantum glasses","B. Olmos, I. Lesanovsky and J.P. Garrahan","Phys. Rev. Lett. 109, 020403 (2012)","papers/qkcm-PRL_109_020403_2012.pdf","https://doi.org/10.1103/physrevlett.109.020403","crossref","1.00","Facilitated Spin Models of Dissipative Quantum Glasses"
"89","Thermodynamics of Quadrature Trajectories in Open Quantum Systems","J.M. Hickey, S. Genway, I. Lesanovsky and J.P. Garrahan","Phys. Rev. A 86, 063824 (2012)","papers/quad-PRA_86_063824_2012.pdf","https://doi.org/10.1103/physreva.86.063824","crossref","1.00","Thermodynamics of quadrature trajectories in open quantum systems"
"13","Reply to Comment on ""Thermal model for adaptive competition in a market”","A. Cavagna, J.P. Garrahan, I. Giardina and D. Sherrington","Phys. Rev. Lett. 85, 5009 (2000)","papers/reply_prl_85_5009_2000.pdf","https://arxiv.org/abs/cond-mat/0005134","arxiv","1.00","Reply to Comment on ``Thermal Model for Adaptive Competition in a Market''"
"82","Random and ordered phases of off-lattice rhombus tiles","S. Whitelam, I. Tamblyn, P.H. Beton and J.P. Garrahan","Phys. Rev. Lett. 108, 035702 (2012)","papers/rhombus-PRL_108_035702_2012.pdf","https://doi.org/10.1103/physrevlett.108.035702","crossref","1.00","Random and Ordered Phases of Off-Lattice Rhombus Tiles"
"90","Equilibration of quantum hard rods in one dimension","S. Ji, C. Ates, J.P. Garrahan and I. Lesanovsky","J. Stat. Mech. P02005 (2013)","papers/rods-JStatMech_P02005_2013.pdf","https://doi.org/10.1088/1742-5468/2013/02/p02005","crossref","1.00","Equilibration of quantum hard rods in one dimension"
"67","Metastable states and space-time phase transitions in a spin-glass model","R.L. Jack and J.P. Garrahan","Phys. Rev. E 81, 011111 (2010)","papers/rom-PRE_81_011111_2010.pdf","https://doi.org/10.1103/physreve.81.011111","crossref","1.00","Metastable states and space-time phase transitions in a spin-glass model"
"35","Facilitated spin models in one dimension: a real-space renormalization group study","S. Whitelam and J.P. Garrahan","Phys. Rev. E 70, 046129 (2004)","papers/rsrg_PRE_70_046129_2004.pdf","https://doi.org/10.1103/physreve.70.046129","crossref","1.00","Facilitated spin models in one dimension: A real-space renormalization group study"
"54","Dynamic first-order phase transition in kinetically constrained models of glasses","J.P. Garrahan, R.L. Jack, V. Lecomte, E. Pitard, K. van Duijvendijk, F. van Wijland","Phys. Rev. Lett. 98, 195702 (2007)","papers/ruelle_PRL_98_195702_2007.pdf","https://doi.org/10.1103/physrevlett.98.195702","crossref","0.99","Dynamical First-Order Phase Transition in Kinetically Constrained Models of Glasses"
"97","Kinetic constraints, hierarchical relaxation and onset of glassiness in strongly interacting and dissipative Rydberg gases","I. Lesanovsky and J.P. Garrahan","Phys. Rev. Lett. 111, 215305 (2013)","papers/ryglass-PRL_111_215305_2013.pdf","https://doi.org/10.1103/physrevlett.111.215305","crossref","1.00","Kinetic Constraints, Hierarchical Relaxation, and Onset of Glassiness in Strongly Interacting and Dissipative Rydberg Gases"
"29","Real space origin of temperature crossovers in supercooled liquids","L. Berthier and J.P. Garrahan","Phys. Rev. E 68, 041201 (2003)","papers/saddles_pre_68_41201_2003.pdf","https://doi.org/10.1103/physreve.68.041201","crossref","1.00","Real space origin of temperature crossovers in supercooled liquids"
"70","Finite-temperature critical point of a glass transition","Y.S. Elmatad, R.L. Jack, J.P. Garrahan and D. Chandler","Proc. Natl. Acad. Sci. USA 107, 29 (2010)","papers/sfa_PNAS_107_29_2010.pdf","https://doi.org/10.1073/pnas.1006306107","crossref","1.00","Finite-temperature critical point of a glass transition"
"81","Thermodynamics of trajectories of the one-dimensional Ising model","E.S. Loscar, A.S.J.S. Mey and J.P. Garrahan","J. Stat. Mech. P12011 (2011)","papers/sising_JStat_P12011_2011.pdf","https://doi.org/10.1088/1742-5468/2011/12/p12011","crossref","1.00","Thermodynamics of trajectories of the one-dimensional Ising model"
"50","Spacetime thermodynamics and subsystem observables in a kinetically constrained model of glassy systems","R.L. Jack, J.P. Garrahan and D. Chandler","J. Chem. Phys. 125, 184509 (2006)","papers/spacetime_JCP_125_184509_2006.pdf","https://doi.org/10.1063/1.2374885","crossref","0.95","Space-time thermodynamics and subsystem observables in a kinetically constrained model of glassy materials"
"100","Rare-event trajectory ensemble analysis reveals metastable dynamical phases in lattice proteins","A.S.J.S. Mey, P.L. Geissler and J.P. Garrahan","Phys. Rev. E 89, 032109 (2014)","papers/sprotein-PRE_89_032109_2014.pdf","https://doi.org/10.1103/physreve.89.032109","crossref","1.00","Rare-event trajectory ensemble analysis reveals metastable dynamical phases in lattice proteins"
"86","Inactive dynamical phase of a symmetric exclusion process on a ring","V. Lecomte, J.P. Garrahan and F. van Wijland","J. Phys. A 45, 175001 (2012)","papers/ssep-JPA_45_175001_2012.pdf","https://doi.org/10.1088/1751-8113/45/17/175001","crossref","1.00","Inactive dynamical phase of a symmetric exclusion process on a ring"
"87","Phase Transitions in Trajectories of a Superconducting Single-Electron Transistor Coupled to a Resonator","S. Genway, J.P. Garrahan, I. Lesanovsky and A.D. Armour","Phys. Rev. E 85, 051122 (2012)","papers/sset-PRE-85-051122-2012.pdf","https://doi.org/10.1103/physreve.85.051122","crossref","1.00","Phase transitions in trajectories of a superconducting single-electron transistor coupled to a resonator"
"9","Multibaryons as Symmetric Multiskyrmions","J.P. Garrahan, M. Schvellinger and N.N. Scoccola","Phys. Rev. D 61, 14001 (2000)","papers/strange_prd_61_14001_2000.pdf","https://doi.org/10.1103/physrevd.61.014001","crossref","0.99","Multibaryons as symmetric multi-Skyrmions"
"37","Length scale for the onset of Fickian diffusion in supercooled liquids","L. Berthier, D. Chandler and J.P. Garrahan","Europhys. Lett. 69, 320 (2005)","papers/tauk_epl_69_320_2005.pdf","https://doi.org/10.1209/epl/i2004-10401-5","crossref","1.00","Length scale for the onset of Fickian diffusion in supercooled liquids"
"72","Thermalization in a coherently driven ensemble of two-level systems","I. Lesanovsky, B. Olmos and J.P. Garrahan","Phys. Rev. Lett. 105, 100603 (2010)","papers/thermal-PRL_105_100603_2010.pdf","https://doi.org/10.1103/physrevlett.105.100603","crossref","1.00","Thermalization in a Coherently Driven Ensemble of Two-Level Systems"
"59","Random Tiling and Topological Defects in a Two-Dimensional Molecular Network","M.O. Blunt, J. Russell, M. Gimenez-Lopez, J.P. Garrahan, X. Lin, M. Schroder, N.R. Champness and P.H. Beton","Science 322, 1077 (2008). (Supporting online material here.) Article featured in: Nature Chemistry, Nature Nanotechnology, AMS Math in the Media","papers/three-ring-Science_322_1077_2008.pdf","https://doi.org/10.1126/science.1163338","crossref","1.00","Random Tiling and Topological Defects in a Two-Dimensional Molecular Network"
"71","Entropically-stabilised growth of a two-dimensional random tiling","A. Stannard, M.O. Blunt, P.H. Beton and J.P. Garrahan","Phys. Rev. E 82, 041109 (2010)","papers/tiling_growth-PRE_82_041109_2010.pdf","https://doi.org/10.1103/physreve.82.041109","crossref","0.98","Entropically stabilized growth of a two-dimensional random tiling"
"40","Heterogeneity and growing lengthscales in the dynamics of kinetically constrained lattice gases in two dimensions","A.C. Pan, J.P. Garrahan, D. Chandler","Phys. Rev. E 72, 041106 (2005)","papers/tlg_PRE_72_041106_2005.pdf","https://doi.org/10.1103/physreve.72.041106","crossref","1.00","Heterogeneity and growing length scales in the dynamics of kinetically constrained lattice gases in two dimensions"
"28","Non-topographic description of inherent structure dynamics in glass formers","L. Berthier and J.P. Garrahan","J. Chem. Phys. 119, 4367 (2003)","papers/traps_JCP_119_4367_2003.pdf","https://doi.org/10.1063/1.1593020","crossref","0.99","Nontopographic description of inherent structure dynamics in glassformers"
"15","Glassiness and constrained dynamics of a short-range non-disordered spin model","J.P. Garrahan and M.E.J. Newman","Phys. Rev. E 62, 7670 (2000)","papers/tritri_pre_62_7670_2000.pdf","https://doi.org/10.1103/physreve.62.7670","crossref","0.99","Glassiness and constrained dynamics of a short-range nondisordered spin model"
"30","Dynamic criticality in glass-forming liquids","S. Whitelam, L. Berthier and J.P. Garrahan","Phys. Rev. Lett. 92, 185705 (2004)","papers/uni_PRL_92_185705_2004.pdf","https://doi.org/10.1103/physrevlett.92.185705","crossref","1.00","Dynamic Criticality in Glass-Forming Liquids"
"62","Relationship between vibrations and dynamical heterogeneity in a model glass former: extended soft modes but local relaxation","D.J. Ashton and J.P. Garrahan","Eur. Phys. J. E 30, 303 (2009)","papers/vib-tlg_EPJE_30_303_2009.pdf","https://doi.org/10.1140/epje/i2009-10531-6","crossref","1.00","Relationship between vibrations and dynamical heterogeneity in a model glass former: Extended soft modes but local relaxation"
"56","De-coupling of Exchange and Persistence Times in Atomistic Models of Glass Formers","L.O. Hedges, L. Maibaum, D. Chandler and J.P. Garrahan","J. Chem. Phys. 127, 211101 (2007)","papers/wca-exchange_JCP_127_211101_2007.pdf","https://doi.org/10.1063/1.2803062","crossref","0.99","Decoupling of exchange and persistence times in atomistic models of glass formers"
"104","Fluctuating observation time ensembles in the thermodynamics of trajectories","A.A. Budini, R.M. Turner, J.P. Garrahan","J. Stat. Mech. P03012 (2014)","papers/xensemble-P03012_2014.pdf","https://doi.org/10.1088/1742-5468/2014/03/p03012","crossref","1.00","Fluctuating observation time ensembles in the thermodynamics of trajectories"
"91","Trajectory phase transitions, Lee-Yang zeros, and high-order cumulants in full counting statistics","C. Flindt and J.P. Garrahan","Phys. Rev. Lett. 110, 050601 (2013)","papers/yanglee-PRL_110_050601.pdf","https://doi.org/10.1103/physrevlett.110.050601","crossref","1.00","Trajectory Phase Transitions, Lee-Yang Zeros, and High-Order Cumulants in Full Counting Statistics"
